id,word,segments,labels,origin
1,onuruna,onur+u+na,P3SG+DAT,adjudicated_old
2,kale,kale,,annotator_agreed
3,canları,can+lar+ı,,annotator_agreed
4,kapsamında,kapsam+ı+nda,P3SG+LOC,adjudicated_old
5,varsada,var+sa+da,COND+LOC,annotator_agreed
6,bağlamda,bağlam+da,LOC,annotator_agreed
7,doktorların,doktor+lar+ın,,annotator_agreed
8,külahlar,külah+lar,PL,annotator_agreed
9,Ekber,Ekber,,annotator_agreed
10,gazete,gazete,,annotator_agreed
11,kuruluşundan,kuruluş+un+dan,,annotator_agreed
12,günlerde,gün+ler+de,PL+LOC,annotator_agreed
13,politik,politik,,annotator_agreed
14,deneyemedim,deney+e+me+dim,,annotator_agreed
15,puan,puan,,adjudicated_old
16,bana,bana,,annotator_agreed
17,sürdürdüğünü,sürdür+düğ+ü+nü,PTCP+P3SG+ACC,adjudicated_old
18,Bobby,Bobby,,annotator_agreed
19,olduğundan,ol+duğ+u+ndan,,annotator_agreed
20,kimileri,kimi+ler+i,,annotator_agreed
21,Sanat,Sanat,,annotator_agreed
22,bayanı,bayan+ı,,annotator_agreed
23,Konak,Konak,,annotator_agreed
24,geçtiğini,geç+tiğ+i+ni,PTCP+P3SG+ACC,adjudicated_old
25,Boğazı,Boğaz+ı,,annotator_agreed
26,görüşlerinizi,görüş+ler+iniz+i,PL+P2PL+ACC,adjudicated_old
27,genişletirken,genişlet+ir+ken,AOR+CV,annotator_agreed
28,biliniyor,bil+in+iyor,PASS/REFL+PROG,adjudicated_old
29,Çağlan,Çağlan,,annotator_agreed
30,kalite,kalite,,annotator_agreed
31,kariyerini,kariyer+i+ni,,annotator_agreed
32,mümkündür,mümkün+dür,COP,annotator_agreed
33,Sarfettiği,Sarfet+tiğ+i,PTCP+P3SG/ACC,adjudicated_old
34,olmasıyla,olma+sı+yla,P3SG+INS,annotator_agreed
35,Denetçisi,Denetçi+si,P3SG,annotator_agreed
36,gözlerini,göz+ler+i+ni,,annotator_agreed
37,KULLANILMALI,KULLAN+IL+MALI,PASS/REFL+NEC,adjudicated_old
38,milletin,millet+in,,annotator_agreed
39,itibari,itibari,,annotator_agreed
40,Bunun,Bu+nun,GEN,adjudicated_old
41,Üretilen,Üret+il+en,,annotator_agreed
42,alma,alma,,annotator_agreed
43,Yabancı,Yaban+cı,AGT,adjudicated_old
44,Ağustos,Ağustos,,annotator_agreed
45,Yayılarak,Yayıl+arak,CV,annotator_agreed
46,vergisi,vergi+si,P3SG,annotator_agreed
47,motorlu,motor+lu,ADJ,annotator_agreed
48,aşımına,aşım+ı+na,P3SG+DAT,adjudicated_old
49,bozukluğu,bozukluğ+u,,annotator_agreed
50,değer,değer,,adjudicated_old
51,uğramalısınız,uğra+malı+sınız,,annotator_agreed
52,Monetary,Monetary,,annotator_agreed
53,hayır,hayır,,adjudicated_old
54,milyar,milyar,,adjudicated_old
55,Olimposlular,Olimpos+lu+lar,ADJ+PL,adjudicated_old
56,araştırılması,araştırılma+sı,P3SG,annotator_agreed
57,gündemi,gündem+i,,annotator_agreed
58,yıla,yıl+a,DAT,annotator_agreed
59,finalde,final+de,LOC,annotator_agreed
60,toplamdan,toplam+dan,ABL,annotator_agreed
61,gözlere,göz+ler+e,PL+DAT,annotator_agreed
62,gerekir,gerek+ir,AOR,annotator_agreed
63,Azimli,Azim+li,ADJ,adjudicated_old
64,İşlemin,İşlem+in,,annotator_agreed
65,çağdaş,çağdaş,,annotator_agreed
66,dolarlık,dolar+lık,NMLZ,annotator_agreed
67,bölgelerinde,bölge+ler+in+de,,annotator_agreed
68,dostlarının,dost+lar+ı+nın,,annotator_agreed
69,gezer,gez+er,AOR,annotator_agreed
70,sıkı,sıkı,,annotator_agreed
71,gerilim,gerilim,,annotator_agreed
72,özel,özel,,annotator_agreed
73,yuvası,yuva+sı,P3SG,annotator_agreed
74,yerin,yer+in,,annotator_agreed
75,çekiyor,çek+iyor,PROG,annotator_agreed
76,Cumhurbaşkanımızın,Cumhurbaşkan+ımız+ın,,annotator_agreed
77,dermapen,dermapen,,adjudicated_old
78,derim,der+im,A1SG/P1SG,adjudicated_old
79,Başlıca,Başlıca,,annotator_agreed
80,kıyafetlerde,kıyafet+ler+de,PL+LOC,annotator_agreed
81,Gurbetçi,Gurbet+çi,AGT,annotator_agreed
82,Anıtı,Anıt+ı,,annotator_agreed
83,anlattı,anlat+tı,PAST,annotator_agreed
84,Bizlere,Biz+ler+e,PL+DAT,annotator_agreed
85,aldığı,al+dığ+ı,PTCP+P3SG/ACC,adjudicated_old
86,yakasız,yaka+sız,,annotator_agreed
87,adımlar,adım+lar,PL,annotator_agreed
88,Yüksek,Yüksek,,annotator_agreed
89,almaz,al+maz,NEG.AOR,adjudicated_old
90,bireylerin,birey+ler+in,,annotator_agreed
91,kurufasulyeciydi,kurufasulyeci+ydi,,annotator_agreed
92,Teyyare,Teyyare,,annotator_agreed
93,Bornova,Bornova,,annotator_agreed
94,unutmayınız,unut+ma+yınız,NEG+A2PL/IMP,adjudicated_old
95,Mali,Mali,,annotator_agreed
96,uymak,uy+mak,INF,annotator_agreed
97,küresel,küre+sel,,annotator_agreed
98,demokrat,demokrat,,annotator_agreed
99,ordusunun,ordu+su+nun,,annotator_agreed
100,Başkanımız,Başkan+ımız,P1PL,annotator_agreed
101,Arama,Ara+ma,VN/NEG,adjudicated_old
102,girişimde,girişim+de,LOC,annotator_agreed
103,buluşlar,buluş+lar,PL,annotator_agreed
104,Manolova,Manolova,,annotator_agreed
105,eksik,eksik,,annotator_agreed
106,bilenlere,bil+en+ler+e,PTCP+PL+DAT,adjudicated_old
107,sorar,sor+ar,AOR,annotator_agreed
108,filme,film+e,DAT,annotator_agreed
109,artış,artış,,annotator_agreed
110,bakanı,bakan+ı,P3SG/ACC,adjudicated_old
111,Julius,Julius,,annotator_agreed
112,öğretmenlerimizin,öğretmen+ler+imiz+in,,annotator_agreed
113,tren,tren,,adjudicated_old
114,yapmak,yap+mak,INF,adjudicated_old
115,aşkla,aşk+la,INS,annotator_agreed
116,vergi,vergi,,annotator_agreed
117,tuşla,tuş+la,UNK,adjudicated_old
118,görüşmesinin,görüş+me+si+nin,,annotator_agreed
119,dönümlük,dönüm+lük,NMLZ,annotator_agreed
120,velimiz,veli+miz,P1PL,annotator_agreed
121,komisyonu,komisyon+u,,annotator_agreed
122,kıyılarında,kıyı+lar+ı+nda,PL+P3SG+LOC,adjudicated_old
123,Müdürlüğü,Müdürlüğ+ü,,annotator_agreed
124,üzerinden,üzer+i+nden,P3SG+ABL,adjudicated_old
125,Güncelleme,Güncelle+me,VN,adjudicated_old
126,Tüneli,Tünel+i,,annotator_agreed
127,Fethullah,Fethullah,,annotator_agreed
128,ırkçılığı,ırk+çı+lığ+ı,AGT+NMLZ+P3SG/ACC,adjudicated_old
129,olduğum,ol+duğ+um,,annotator_agreed
130,nezdinde,nezd+i+nde,P3SG+LOC,adjudicated_old
131,saatler,saat+ler,PL,annotator_agreed
132,Beyaz,Beyaz,,annotator_agreed
133,ordu,ordu,,adjudicated_old
134,katılamazlar,katıl+a+ma+z+lar,ABIL+NEG+AOR+A3PL,adjudicated_old
135,nostaljik,nostaljik,,annotator_agreed
136,ışık,ışık,,annotator_agreed
137,kademenin,kademe+nin,,annotator_agreed
138,güvenebilir,güven+ebil+ir,ABIL+AOR,annotator_agreed
139,detaylı,detay+lı,ADJ,annotator_agreed
140,yükselmekte,yüksel+mekte,PROG,adjudicated_old
141,görmüş,gör+müş,,annotator_agreed
142,altın,altın,,annotator_agreed
143,sizlerde,siz+ler+de,PL+LOC,annotator_agreed
144,güçlü,güç+lü,ADJ,annotator_agreed
145,Eğitimleri,Eğitim+ler+i,,annotator_agreed
146,Çocukları,Çocuk+lar+ı,,annotator_agreed
147,mağduriyeti,mağduriyet+i,,annotator_agreed
148,adapte,adapte,,annotator_agreed
149,etmektedir,et+mekte+dir,PROG+COP,annotator_agreed
150,üzerine,üzer+i+ne,P3SG+DAT,adjudicated_old
151,sadece,sadece,,annotator_agreed
152,oluşturur,oluştur+ur,AOR,annotator_agreed
153,Üniversitesi,Üniversite+si,P3SG,annotator_agreed
154,seçenekler,seçenek+ler,PL,annotator_agreed
155,yaklaşmasının,yaklaş+ma+sı+nın,,annotator_agreed
156,türünde,tür+ü+nde,P3SG+LOC,adjudicated_old
157,sektörünün,sektör+ü+nün,,annotator_agreed
158,onların,on+lar+ın,,annotator_agreed
159,Veli,Veli,,annotator_agreed
160,bölgede,bölge+de,LOC,annotator_agreed
161,bölgeye,bölge+ye,DAT,adjudicated_old
162,Moğol,Moğol,,annotator_agreed
163,sunuldu,sunul+du,PAST,annotator_agreed
164,Katılım,Katılım,,annotator_agreed
165,sağlayan,sağla+yan,PTCP,annotator_agreed
166,Şermin,Şermin,,annotator_agreed
167,bitti,bit+ti,PAST,annotator_agreed
168,benimle,ben+im+le,,annotator_agreed
169,Sorunlarına,Sorun+lar+ı+na,PL+P3SG+DAT,adjudicated_old
170,ettirir,et+tir+ir,CAUS+AOR,adjudicated_old
171,Kılacağız,Kıl+acağ+ız,,annotator_agreed
172,listemiz,liste+miz,P1PL,annotator_agreed
173,tersine,ters+i+ne,P3SG+DAT,adjudicated_old
174,edilmektedir,edil+mekte+dir,PROG+COP,annotator_agreed
175,Dernek,Dernek,,annotator_agreed
176,eğitimler,eğitim+ler,PL,annotator_agreed
177,Geçmişten,Geçmiş+ten,ABL,annotator_agreed
178,sertifikasına,sertifika+sı+na,P3SG+DAT,annotator_agreed
179,Dünyadaki,Dünya+da+ki,LOC+REL,annotator_agreed
180,başladığında,başla+dığ+ı+nda,,annotator_agreed
181,şirketinin,şirket+i+nin,,annotator_agreed
182,Dörtlüleri,Dörtlü+ler+i,,annotator_agreed
183,Sonuçlara,Sonuç+lar+a,PL+DAT,annotator_agreed
184,LEKESİ,LEKESİ,,annotator_agreed
185,Kartalı,Kartal+ı,,annotator_agreed
186,kıyısında,kıyı+sı+nda,,annotator_agreed
187,kuruması,kuru+ma+sı,VN+P3SG,adjudicated_old
188,gösteriyor,göster+iyor,PROG,annotator_agreed
189,sizleri,siz+ler+i,,annotator_agreed
190,taktiği,taktiğ+i,,annotator_agreed
191,gemisi,gemi+si,P3SG,annotator_agreed
192,metre,metre,,annotator_agreed
193,vermişti,ver+miş+ti,,annotator_agreed
194,bağıran,bağır+an,PTCP,annotator_agreed
195,buluşmalarını,buluşma+lar+ı+nı,,annotator_agreed
196,bırakılan,bırak+ıl+an,PASS/REFL+PTCP,adjudicated_old
197,derslerimiz,ders+ler+imiz,PL+P1PL,annotator_agreed
198,çıkarabilirsiniz,çıkar+abil+ir+siniz,ABIL+AOR+A2PL,adjudicated_old
199,Model,Model,,annotator_agreed
200,ekipmanlar,ekipman+lar,PL,annotator_agreed
201,otel,otel,,annotator_agreed
202,almıştır,al+mış+tır,,annotator_agreed
203,izleyebilir,izle+yebil+ir,ABIL+AOR,adjudicated_old
204,bildiriler,bildiri+ler,PL,annotator_agreed
205,Gaziemir,Gaziemir,,annotator_agreed
206,yatırımın,yatırım+ın,,annotator_agreed
207,Ekim,Ekim,,annotator_agreed
208,Tekbir,Tekbir,,annotator_agreed
209,ödendi,öden+di,PAST,annotator_agreed
210,halinde,hal+i+nde,P3SG+LOC,adjudicated_old
211,Kararlı,Karar+lı,ADJ,annotator_agreed
212,istenerek,isten+erek,CV,annotator_agreed
213,milyon,milyon,,annotator_agreed
214,demir,demir,,adjudicated_old
215,edeceğim,ed+eceğ+im,,annotator_agreed
216,Soruların,Soru+lar+ın,,annotator_agreed
217,Lisesi,Lise+si,P3SG,annotator_agreed
218,öğrencilerden,öğrenci+ler+den,PL+ABL,annotator_agreed
219,muhteşem,muhteşem,,annotator_agreed
220,geçirilmesiyle,geçirilme+si+yle,P3SG+INS,annotator_agreed
221,başladı,başla+dı,PAST,adjudicated_old
222,unvanı,unvan+ı,P3SG/ACC,adjudicated_old
223,Ürünlerini,Ürün+ler+i+ni,,annotator_agreed
224,AAOIFI,AAOIFI,,annotator_agreed
225,olmalıdır,ol+malı+dır,NEC+COP,annotator_agreed
226,tarzını,tarz+ı+nı,,annotator_agreed
227,Uygulamayı,Uygulama+yı,ACC,annotator_agreed
228,ilgilenmeyince,ilgilen+me+yince,NEG+CV,adjudicated_new
229,yurt,yurt,,annotator_agreed
230,açarlar,aç+ar+lar,AOR+A3PL,adjudicated_new
231,karanlığa,karanlığ+a,DAT,annotator_agreed
232,Restaurant,Restaurant,,annotator_agreed
233,Boru,Boru,,annotator_agreed
234,aşağıdaki,aşağı+da+ki,LOC+REL,annotator_agreed
235,armasıydı,arma+sı+ydı,,annotator_agreed
236,vaktiniz,vakt+iniz,P2PL,annotator_agreed
237,beklemeyin,bekle+me+yin,NEG+A2PL/IMP,adjudicated_new
238,başka,başka,,annotator_agreed
239,kırtasiyeden,kırtasiye+den,ABL,annotator_agreed
240,anlaşarak,anlaş+arak,CV,annotator_agreed
241,ÇABUK,ÇABUK,,annotator_agreed
242,düzelmesi,düzel+me+si,VN+P3SG,adjudicated_new
243,vermesi,ver+me+si,VN+P3SG,adjudicated_new
244,karanlık,karan+lık,NMLZ,annotator_agreed
245,HAYIR,HAYIR,,annotator_agreed
246,filmi,film+i,,annotator_agreed
247,Örgütü,Örgüt+ü,,annotator_agreed
248,Semaha,Semah+a,DAT,annotator_agreed
249,Bakanlığı,Bakanlığ+ı,,annotator_agreed
250,lise,lise,,annotator_agreed
251,kulak,kulak,,annotator_agreed
252,toplanarak,toplan+arak,CV,annotator_agreed
253,piyasa,piyasa,,annotator_agreed
254,adresi,adres+i,,annotator_agreed
255,yaralı,yara+lı,ADJ,annotator_agreed
256,konuda,konu+da,LOC,annotator_agreed
257,çıkarılmamış,çıkar+ıl+ma+mış,PASS/REFL+NEG+EVID/PTCP,adjudicated_new
258,programlarına,program+lar+ın+a,,annotator_agreed
259,hesap,hesap,,annotator_agreed
260,Kyle,Kyle,,annotator_agreed
261,geçtiğimiz,geç+tiğ+imiz,PTCP+P1PL,adjudicated_new
262,beğenen,beğen+en,PTCP,annotator_agreed
263,yöntemlerden,yöntem+ler+den,PL+ABL,annotator_agreed
264,askerlerin,asker+ler+in,,annotator_agreed
265,birlikte,birlikte,,annotator_agreed
266,bilgilendirilir,bilgilendiril+ir,AOR,annotator_agreed
267,Roma,Roma,,annotator_agreed
268,hafif,hafif,,annotator_agreed
269,dağıtılan,dağıt+ıl+an,PASS/REFL+PTCP,adjudicated_new
270,Keban,Keban,,annotator_agreed
271,geri,geri,,annotator_agreed
272,hedefi,hedef+i,,annotator_agreed
273,gençleştirme,genç+leş+tir+me,UNK+CAUS+VN,adjudicated_new
274,olacağımdan,ol+acağ+ım+dan,,annotator_agreed
275,dijitalin,dijital+in,,annotator_agreed
276,istedi,iste+di,PAST,adjudicated_new
277,alanları,alan+lar+ı,,annotator_agreed
278,programına,program+ı+na,P3SG+DAT,adjudicated_new
279,bırakan,bırak+an,PTCP,annotator_agreed
280,alınmazsa,alın+maz+sa,NEG.AOR+COND,annotator_agreed
281,belirten,belirt+en,PTCP,annotator_agreed
282,güneş,güneş,,annotator_agreed
283,tekrarı,tekrar+ı,,annotator_agreed
284,geçirilecektir,geçiril+ecek+tir,,annotator_agreed
285,milletvekilleri,milletvekil+ler+i,PL+P3SG/ACC,adjudicated_new
286,Jehanne,Jehanne,,annotator_agreed
287,AdEx,AdEx,,annotator_agreed
288,inanın,inan+ın,,annotator_agreed
289,oturmayı,otur+ma+yı,,annotator_agreed
290,Baraj,Baraj,,annotator_agreed
291,Menfaat,Menfaat,,annotator_agreed
292,dekovil,dekovil,,annotator_agreed
293,halde,hal+de,LOC,annotator_agreed
294,zayi,zayi,,annotator_agreed
295,Sınav,Sınav,,annotator_agreed
296,yönelik,yöne+lik,NMLZ,annotator_agreed
297,sözleşmeye,sözleş+me+ye,VN+DAT,adjudicated_new
298,okulumuza,okul+umuz+a,P1PL+DAT,annotator_agreed
299,temel,temel,,annotator_agreed
300,GERÇEKLEŞTİRDİK,GERÇEK+LEŞ+TİR+Dİ+K,UNK+CAUS+PAST+A1PL,adjudicated_new
301,ediyor,ed+iyor,PROG,annotator_agreed
302,İmparatorluk,İmparator+luk,NMLZ,adjudicated_new
303,duyuruldu,duyurul+du,PAST,annotator_agreed
304,arzusu,arzu+su,P3SG,annotator_agreed
305,cıkartır,cıkart+ır,AOR,annotator_agreed
306,irtibata,irtibat+a,DAT,annotator_agreed
307,öndeyken,ön+de+yken,LOC+CV,adjudicated_new
308,ücretsiz,ücret+siz,,annotator_agreed
309,Güreş,Güreş,,annotator_agreed
310,başlıkları,başlık+lar+ı,,annotator_agreed
311,temsilcileri,temsilci+ler+i,,annotator_agreed
312,verilmiş,veril+miş,,annotator_agreed
313,etmiyor,et+mi+yor,,annotator_agreed
314,amacı,amac+ı,,annotator_agreed
315,eğilimleri,eğilim+ler+i,,annotator_agreed
316,olmuş,ol+muş,,annotator_agreed
317,veriyorum,ver+iyor+um,PROG+A1SG,adjudicated_new
318,Mahmut,Mahmut,,annotator_agreed
319,Değerlendirme,Değerlendirme,,annotator_agreed
320,ciltteki,cilt+te+ki,LOC+REL,annotator_agreed
321,Edirne,Edirne,,annotator_agreed
322,belirtilerinin,belirti+ler+i+nin,,annotator_agreed
323,olumsuz,olum+suz,,annotator_agreed
324,için,için,,annotator_agreed
325,Güler,Güler,,adjudicated_new
326,sistemi,sistem+i,,annotator_agreed
327,aydın,aydın,,adjudicated_new
328,biçimde,biçim+de,LOC,annotator_agreed
329,açıklaması,açıkla+ma+sı,,annotator_agreed
330,yerinde,yer+i+nde,P3SG+LOC,adjudicated_new
331,Yardımcı,Yardım+cı,AGT,annotator_agreed
332,Kelimeler,Kelime+ler,PL,annotator_agreed
333,canice,canice,,annotator_agreed
334,Elimden,El+im+den,,annotator_agreed
335,Asya,Asya,,annotator_agreed
336,ışıltı,ışıltı,,adjudicated_new
337,yakılmıştır,yak+ıl+mış+tır,,annotator_agreed
338,şirket,şirket,,annotator_agreed
339,özellikle,özellikle,,annotator_agreed
340,görülmez,görül+mez,NEG.AOR,annotator_agreed
341,fokuslu,fokus+lu,ADJ,annotator_agreed
342,belirlenecek,belirlen+ecek,,annotator_agreed
343,sıklıkla,sıklıkla,,annotator_agreed
344,oyunu,oyun+u,P3SG/ACC,adjudicated_new
345,derli,der+li,ADJ,annotator_agreed
346,ishal,ishal,,annotator_agreed
347,Aşık,Aşık,,annotator_agreed
348,düşünceleri,düşünce+ler+i,,annotator_agreed
349,istekleri,istek+ler+i,,annotator_agreed
350,kurulmasını,kurul+ma+sı+nı,,annotator_agreed
351,temenni,temenni,,adjudicated_new
352,Kardeşiniz,Kardeş+iniz,P2PL,adjudicated_new
353,bitirir,bitir+ir,AOR,annotator_agreed
354,beyne,beyn+e,DAT,adjudicated_new
355,dikkatsiz,dikkat+siz,,annotator_agreed
356,ayrıca,ayrıca,,annotator_agreed
357,aittir,ait+tir,COP,annotator_agreed
358,tarafında,taraf+ın+da,,annotator_agreed
359,hayata,hayat+a,DAT,annotator_agreed
360,Bakan,Bakan,,annotator_agreed
361,Timberlake,Timberlake,,annotator_agreed
362,açıklandı,açıklan+dı,PAST,annotator_agreed
363,Listed,Listed,,annotator_agreed
364,ederim,ed+er+im,AOR+A1SG,adjudicated_new
365,kalmış,kal+mış,,annotator_agreed
366,alerjik,alerjik,,annotator_agreed
367,ortaya,orta+ya,DAT,annotator_agreed
368,Pazar,Pazar,,annotator_agreed
369,derece,derece,,annotator_agreed
370,büyümeyi,büyü+me+yi,,annotator_agreed
371,hatırlatarak,hatırlat+arak,CV,annotator_agreed
372,kontrolsüz,kontrol+süz,,annotator_agreed
373,Anlayışla,Anlayış+la,INS,annotator_agreed
374,Babam,Baba+m,P1SG,adjudicated_new
375,gümüş,gümüş,,adjudicated_new
376,mevsiminde,mevsim+in+de,,annotator_agreed
377,raporlarının,rapor+lar+ı+nın,,annotator_agreed
378,tekrar,tekrar,,adjudicated_new
379,Eylül,Eylül,,annotator_agreed
380,itibaren,itibaren,,adjudicated_new
381,yaşarken,yaşa+r+ken,AOR+CV,adjudicated_new
382,Adayı,Aday+ı,,annotator_agreed
383,önce,önce,,annotator_agreed
384,Tarım,Tarım,,annotator_agreed
385,Müdür,Müdür,,annotator_agreed
386,fıtığı,fıtığ+ı,,annotator_agreed
387,Akçaabat,Akçaabat,,annotator_agreed
388,hasta,hasta,,annotator_agreed
389,çıktıCemaatSarfettiği,çıktıCemaatSarfettiği,,annotator_agreed
390,Denizcilik,Deniz+ci+lik,AGT+NMLZ,adjudicated_new
391,Elazığ,Elazığ,,annotator_agreed
392,tedavisinin,tedavi+si+nin,,annotator_agreed
393,edilmiştir,edil+miş+tir,,annotator_agreed
394,düşüşte,düşüş+te,LOC,annotator_agreed
395,muhasebe,muhasebe,,annotator_agreed
396,asit,asit,,annotator_agreed
397,güçlere,güç+ler+e,PL+DAT,annotator_agreed
398,Bilgisayar,Bilgisayar,,annotator_agreed
399,kullanılan,kullan+ıl+an,PASS/REFL+PTCP,adjudicated_new
400,sonrası,sonra+sı,P3SG,annotator_agreed
401,ağacı,ağac+ı,,annotator_agreed
402,geçmişte,geçmiş+te,LOC,annotator_agreed
403,sevgi,sevgi,,annotator_agreed
404,yobazlar,yobaz+lar,PL,annotator_agreed
405,tüketilir,tüketil+ir,AOR,annotator_agreed
406,Aziz,Aziz,,annotator_agreed
407,tatmin,tatmin,,annotator_agreed
408,geçerek,geç+erek,CV,annotator_agreed
409,ötelemesi,öte+le+me+si,UNK+VN+P3SG,adjudicated_new
410,oldum,ol+dum,,annotator_agreed
411,etkisi,etki+si,P3SG,annotator_agreed
412,dondurmacı,dondurma+cı,AGT,annotator_agreed
413,adlandırılan,adlandır+ıl+an,PASS/REFL+PTCP,adjudicated_new
414,askerlerinin,asker+ler+i+nin,,annotator_agreed
415,görüşmelerimizi,görüşme+ler+imiz+i,,annotator_agreed
416,Anıt,Anıt,,annotator_agreed
417,yapılır,yapıl+ır,AOR,annotator_agreed
418,Romanya,Romanya,,adjudicated_new
419,Sulama,Sulama,,annotator_agreed
420,Kral,Kral,,annotator_agreed
421,çalıştığı,çalış+tığ+ı,PTCP+P3SG/ACC,adjudicated_new
422,Kanun,Kanun,,annotator_agreed
423,sağlayacağı,sağla+yacağ+ı,FUT.PTCP+P3SG/ACC,adjudicated_new
424,başarılı,başarı+lı,ADJ,annotator_agreed
425,Merter,Merter,,annotator_agreed
426,sakın,sakın,,annotator_agreed
427,ötürü,ötürü,,annotator_agreed
428,liradan,lira+dan,ABL,annotator_agreed
429,yılına,yıl+ı+na,P3SG+DAT,adjudicated_new
430,sıra,sıra,,annotator_agreed
431,kalmamıştır,kal+ma+mış+tır,,annotator_agreed
432,dolu,dolu,,annotator_agreed
433,olabilirsiniz,ol+abil+ir+siniz,ABIL+AOR+A2PL,adjudicated_new
434,desteği,desteğ+i,,annotator_agreed
435,Niyet,Niyet,,annotator_agreed
436,kamp,kamp,,annotator_agreed
437,çalışmalarına,çalış+ma+lar+ı+na,VN+PL+P3SG+DAT,adjudicated_new
438,meşgul,meşgul,,annotator_agreed
439,adlandırması,adlandırma+sı,P3SG,annotator_agreed
440,raporu,rapor+u,,annotator_agreed
441,gruplar,grup+lar,PL,annotator_agreed
442,yaşına,yaş+ı+na,P3SG+DAT,adjudicated_new
443,paslaştıktan,paslaş+tık+tan,,annotator_agreed
444,Avrupa,Avrupa,,annotator_agreed
445,randevu,randevu,,annotator_agreed
446,para,para,,annotator_agreed
447,inançsal,inanç+sal,,annotator_agreed
448,dekolte,dekolte,,annotator_agreed
449,geçmişin,geçmiş+in,,annotator_agreed
450,diledikleri,dile+dik+ler+i,,annotator_agreed
451,başlanmıştır,başlan+mış+tır,,annotator_agreed
452,hazzını,hazz+ı+nı,,annotator_agreed
453,dakikada,dakika+da,LOC,annotator_agreed
454,dram,dram,,annotator_agreed
455,sebebiyet,sebebiyet,,annotator_agreed
456,filmdi,film+di,PAST,annotator_agreed
457,Antosiyanidinlerin,Antosiyanidin+ler+in,,annotator_agreed
458,kalan,kal+an,PTCP,adjudicated_new
459,niteliğindedir,niteliğ+i+nde+dir,P3SG+LOC+COP,adjudicated_new
460,Yaratandan,Yaratan+dan,ABL,annotator_agreed
461,dönülebilir,dön+ül+ebil+ir,PASS/REFL+ABIL+AOR,adjudicated_new
462,Nesin,Nesin,,annotator_agreed
463,yatırdığını,yatır+dığ+ı+nı,PTCP+P3SG+ACC,adjudicated_new
464,araştırma,araştırma,,annotator_agreed
465,dile,dile,,annotator_agreed
466,biri,biri,,annotator_agreed
467,ediyorsunuz,ed+iyor+sunuz,PROG+A2PL,adjudicated_new
468,adanın,ada+nın,GEN,adjudicated_new
469,gözün,göz+ün,,annotator_agreed
470,Genel,Genel,,annotator_agreed
471,mezar,mezar,,adjudicated_new
472,kılcal,kılcal,,annotator_agreed
473,oranı,oran+ı,,annotator_agreed
474,çalıştı,çalış+tı,PAST,annotator_agreed
475,ofisinde,ofis+i+nde,P3SG+LOC,adjudicated_new
476,Listas,Listas,,annotator_agreed
477,geçersiz,geçer+siz,,annotator_agreed
478,görme,görme,,annotator_agreed
479,kademeli,kademe+li,ADJ,adjudicated_new
480,değerlerdeki,değer+ler+de+ki,PL+LOC+REL,annotator_agreed
481,adamlar,adam+lar,PL,annotator_agreed
482,burada,burada,,annotator_agreed
483,Kimya,Kimya,,annotator_agreed
484,oluşunun,oluş+u+nun,,annotator_agreed
485,ölçekte,ölçek+te,LOC,annotator_agreed
486,belirterek,belirt+erek,CV,annotator_agreed
487,ekibini,ekib+i+ni,,annotator_agreed
488,Rüzgarla,Rüzgar+la,INS,annotator_agreed
489,genellikle,genellikle,,annotator_agreed
490,Alatin,Alatin,,annotator_agreed
491,Foursquare,Foursquare,,annotator_agreed
492,Randle,Randle,,annotator_agreed
493,Rabbim,Rabb+im,,annotator_agreed
494,sıkılığında,sıkı+lığ+ı+nda,NMLZ+P3SG+LOC,adjudicated_new
495,nedenle,neden+le,INS,annotator_agreed
496,ölçümleri,ölçüm+ler+i,,annotator_agreed
497,karşı,karşı,,annotator_agreed
498,fırça,fırça,,annotator_agreed
499,gerekçe,gerekçe,,annotator_agreed
500,toplumcu,toplum+cu,AGT,annotator_agreed
501,kuruldu,kurul+du,PAST,annotator_agreed
502,velilerimiz,veli+ler+imiz,PL+P1PL,annotator_agreed
503,önceden,önce+den,ABL,adjudicated_new
504,öğretim,öğretim,,annotator_agreed
505,Anadolu,Anadolu,,adjudicated_new
506,boyun,boyun,,annotator_agreed
507,velilerimize,veli+ler+imiz+e,PL+P1PL+DAT,annotator_agreed
508,Parkı,Park+ı,,annotator_agreed
509,yerleşeceğini,yerleş+eceğ+i+ni,FUT.PTCP+P3SG+ACC,adjudicated_new
510,sınavı,sınav+ı,,annotator_agreed
511,ikili,iki+li,ADJ,adjudicated_new
512,yoksa,yoksa,,annotator_agreed
513,geçmiştir,geç+miş+tir,EVID/PTCP+COP,adjudicated_new
514,okul,okul,,annotator_agreed
515,Kentte,Kent+te,LOC,annotator_agreed
516,inanıyorum,inan+ıyor+um,PROG+A1SG,adjudicated_new
517,trenler,tren+ler,PL,annotator_agreed
518,daki,da+ki,REL,annotator_agreed
519,derlendi,derlen+di,PAST,annotator_agreed
520,bulmasını,bul+ma+sı+nı,,annotator_agreed
521,incelemişti,incele+miş+ti,,annotator_agreed
522,milliyetçi,milliyet+çi,AGT,annotator_agreed
523,maçında,maç+ı+nda,P3SG+LOC,adjudicated_new
524,yıllar,yıl+lar,PL,annotator_agreed
525,Türkiye,Türkiye,,adjudicated_new
526,ediyorum,ed+iyor+um,PROG+A1SG,adjudicated_new
527,Bacasız,Baca+sız,,annotator_agreed
528,duyarlılığı,duyarlılığ+ı,,annotator_agreed
529,nefesi,nefes+i,,annotator_agreed
530,beraber,beraber,,adjudicated_new
531,Kaymakam,Kaymakam,,annotator_agreed
532,projenin,proje+nin,,annotator_agreed
533,artık,artık,,annotator_agreed
534,Deewan,Deewan,,annotator_agreed
535,yasaklanması,yasaklan+ma+sı,VN+P3SG,adjudicated_new
536,gelişmelerin,gelişme+ler+in,,annotator_agreed
537,kağıt,kağıt,,annotator_agreed
538,yapılması,yap+ıl+ma+sı,PASS/REFL+VN+P3SG,adjudicated_new
539,olmazsa,ol+maz+sa,NEG.AOR+COND,adjudicated_new
540,sıraya,sıra+ya,DAT,annotator_agreed
541,payının,pay+ı+nın,,annotator_agreed
542,Ross,Ross,,annotator_agreed
543,etmeye,et+me+ye,,annotator_agreed
544,Metaverse,Metaverse,,annotator_agreed
545,geneline,genel+i+ne,P3SG+DAT,adjudicated_new
546,Haziran,Haziran,,adjudicated_new
547,hastalığından,hasta+lığ+ı+ndan,NMLZ+P3SG+ABL,adjudicated_new
548,izlemenizi,izle+me+niz+i,VN+P2PL+ACC,adjudicated_new
549,edilecektir,ed+il+ecek+tir,PASS/REFL+FUT.PTCP+COP,adjudicated_new
550,istiyorsanız,ist+iyor+sa+nız,PROG+COND+A2PL,adjudicated_new
551,Etki,Etki,,annotator_agreed
552,Pilotlar,Pilot+lar,PL,annotator_agreed
553,yönetimimiz,yönetim+imiz,P1PL,annotator_agreed
554,hyaluronik,hyaluronik,,annotator_agreed
555,yaşanacak,yaşan+acak,,annotator_agreed
556,Kuruluşları,Kuruluş+lar+ı,,annotator_agreed
557,televizyonu,televizyon+u,,annotator_agreed
558,nasıl,nasıl,,annotator_agreed
559,Tips,Tips,,annotator_agreed
560,Uygur,Uygur,,annotator_agreed
561,uğradığı,uğra+dığ+ı,PTCP+P3SG/ACC,adjudicated_new
562,Video,Video,,annotator_agreed
563,ürünü,ürün+ü,,annotator_agreed
564,acısız,acı+sız,,annotator_agreed
565,önemini,önem+i+ni,,annotator_agreed
566,baklava,baklava,,annotator_agreed
567,geçmektedir,geç+mekte+dir,PROG+COP,annotator_agreed
568,Jeannett,Jeannett,,annotator_agreed
569,takvimleri,takvim+ler+i,,annotator_agreed
570,çizmez,çiz+mez,NEG.AOR,adjudicated_new
571,Üreticinin,Üretici+nin,,annotator_agreed
572,baktığımızda,bak+tığ+ımız+da,PTCP+P1PL+LOC,annotator_agreed
573,demokrasiye,demokrasi+ye,DAT,adjudicated_new
574,taşındı,taşın+dı,PAST,annotator_agreed
575,arzum,arzu+m,P1SG,adjudicated_new
576,sorunlara,sorun+lar+a,PL+DAT,annotator_agreed
577,yıllık,yıl+lık,NMLZ,annotator_agreed
578,intikam,intikam,,annotator_agreed
579,Tahsisine,Tahsis+i+ne,P3SG+DAT,adjudicated_new
580,altında,alt+ı+nda,,annotator_agreed
581,sözümüz,söz+ümüz,P1PL,annotator_agreed
582,bulunuşluk,bulunuş+luk,NMLZ,annotator_agreed
583,yapılmasını,yapıl+ma+sı+nı,,annotator_agreed
584,yapılacak,yapıl+acak,,annotator_agreed
585,Senin,Sen+in,,annotator_agreed
586,kaybolma,kaybol+ma,VN/NEG,adjudicated_new
587,Rhodopsin,Rhodopsin,,annotator_agreed
588,niteliğinde,niteliğ+i+nde,P3SG+LOC,adjudicated_new
589,jason,jason,,annotator_agreed
590,kaybolmaya,kaybol+ma+ya,,annotator_agreed
591,rakip,rakip,,adjudicated_new
592,değerleme,değerleme,,annotator_agreed
593,ettirmiştik,et+tir+miş+tik,CAUS+EVID/PTCP+PAST.A1PL,adjudicated_new
594,pozisyonu,pozisyon+u,,annotator_agreed
595,Ekip,Ekip,,adjudicated_new
596,yerde,yer+de,LOC,annotator_agreed
597,Aloqab,Aloqab,,annotator_agreed
598,edildiğini,ed+il+diğ+i+ni,PASS/REFL+PTCP+P3SG+ACC,adjudicated_new
599,iken,i+ken,CV,adjudicated_new
600,çözümü,çözüm+ü,,annotator_agreed
601,ilçesine,ilçe+si+ne,P3SG+DAT,adjudicated_new
602,Komitesi,Komite+si,P3SG,annotator_agreed
603,işlenen,işle+n+en,,annotator_agreed
604,ISBN,ISBN,,annotator_agreed
605,yaşamamak,yaşa+ma+mak,NEG+INF,annotator_agreed
606,Hailey,Hailey,,annotator_agreed
607,hatun,hatun,,annotator_agreed
608,derdine,derd+i+ne,P3SG+DAT,adjudicated_new
609,kaynaklar,kaynak+lar,PL,annotator_agreed
610,teşekkür,teşekkür,,adjudicated_new
611,Çinli,Çin+li,ADJ,annotator_agreed
612,aydınlanma,aydın+lan+ma,UNK+VN,adjudicated_new
613,Marquez,Marquez,,annotator_agreed
614,Çekek,Çekek,,annotator_agreed
615,sınırlarından,sınır+lar+ı+ndan,PL+P3SG+ABL,adjudicated_new
616,zayıf,zayıf,,annotator_agreed
617,gelip,gel+ip,CV,annotator_agreed
618,stallone,stallone,,annotator_agreed
619,içinde,iç+i+nde,P3SG+LOC,adjudicated_new
620,Bulls,Bulls,,annotator_agreed
621,riskleri,risk+ler+i,,annotator_agreed
622,edilmiş,edil+miş,,annotator_agreed
623,hocamla,hoca+m+la,,annotator_agreed
624,dolaşarak,dolaş+arak,CV,annotator_agreed
625,değerler,değer+ler,PL,annotator_agreed
626,Milletvekillerimizle,Milletvekil+ler+imiz+le,PL+P1PL+INS,adjudicated_new
627,Kamuoyuna,Kamuoyu+na,DAT,adjudicated_new
628,bölgesine,bölge+si+ne,P3SG+DAT,adjudicated_new
629,diktatörü,diktatör+ü,,annotator_agreed
630,kaliteli,kalite+li,ADJ,annotator_agreed
631,işlemin,işlem+in,,annotator_agreed
632,kaçmayı,kaç+ma+yı,,annotator_agreed
633,sandalyelerin,sandalye+ler+in,,annotator_agreed
634,yılları,yıl+lar+ı,,annotator_agreed
635,Chartered,Chartered,,annotator_agreed
636,nüfus,nüfus,,annotator_agreed
637,rapor,rapor,,adjudicated_new
638,Ürettiği,Üret+tiğ+i,PTCP+P3SG/ACC,adjudicated_new
639,Toplum,Toplum,,annotator_agreed
640,mermi,mermi,,annotator_agreed
641,Kooperatifi,Kooperatif+i,,annotator_agreed
642,Cilde,Cild+e,DAT,annotator_agreed
643,kullanmaya,kullan+ma+ya,,annotator_agreed
644,spin,spin,,annotator_agreed
645,yüzünün,yüz+ü+nün,,annotator_agreed
646,bulunacağını,bulun+acağ+ı+nı,FUT.PTCP+P3SG+ACC,adjudicated_new
647,Düzenlenmesi,Düzenlenme+si,P3SG,annotator_agreed
648,çıkacağını,çık+acağ+ı+nı,FUT.PTCP+P3SG+ACC,adjudicated_new
649,gerektiğini,gerek+tiğ+i+ni,PTCP+P3SG+ACC,adjudicated_new
650,gelişmesi,geliş+me+si,VN+P3SG,adjudicated_new
651,Kursları,Kurs+lar+ı,,annotator_agreed
652,mevsimiyle,mevsim+i+yle,,annotator_agreed
653,Kent,Kent,,annotator_agreed
654,bulunurken,bulun+ur+ken,AOR+CV,annotator_agreed
655,Tüvshinjargalyn,Tüvshinjargalyn,,annotator_agreed
656,öğrencilerimizin,öğrenci+ler+imiz+in,,annotator_agreed
657,Yüksekfokuslu,Yüksekfokus+lu,ADJ,adjudicated_new
658,CİLT,CİLT,,annotator_agreed
659,etkisinin,etki+si+nin,P3SG+GEN,adjudicated_new
660,yapmıştır,yap+mış+tır,,annotator_agreed
661,arazilerine,arazi+ler+i+ne,PL+P3SG+DAT,adjudicated_new
662,ızdıraptan,ızdırap+tan,ABL,annotator_agreed
663,Jared,Jared,,annotator_agreed
664,Vakıf,Vakıf,,annotator_agreed
665,İşlemden,İşlem+den,ABL,annotator_agreed
666,suçu,suç+u,,annotator_agreed
667,acımasızlık,acımasız+lık,NMLZ,annotator_agreed
668,Müthiş,Müthiş,,annotator_agreed
669,KATLİAMI,KATLİAMI,,annotator_agreed
670,ışıklar,ışık+lar,PL,annotator_agreed
671,peşine,peş+i+ne,P3SG+DAT,adjudicated_new
672,Belediye,Belediye,,annotator_agreed
673,Çünkü,Çünkü,,annotator_agreed
674,okulun,okul+un,,annotator_agreed
675,iyice,iyice,,annotator_agreed
676,Group,Group,,annotator_agreed
677,tadını,tad+ı+nı,,annotator_agreed
678,gerekliliği,gerekliliğ+i,,annotator_agreed
679,binary,binary,,annotator_agreed
680,görüşmesine,görüş+me+si+ne,VN+P3SG+DAT,adjudicated_new
681,suyunu,su+yu+nu,ACC+ACC,annotator_agreed
682,olayın,olay+ın,,annotator_agreed
683,hemen,hemen,,adjudicated_new
684,yaklaştıkça,yaklaş+tık+ça,,annotator_agreed
685,yağmalanmak,yağmala+n+mak,,annotator_agreed
686,borçlularına,borç+lu+lar+ı+na,ADJ+PL+P3SG+DAT,adjudicated_new
687,yakın,yakın,,annotator_agreed
688,bedelinin,bedel+i+nin,,annotator_agreed
689,kaynakları,kaynak+lar+ı,,annotator_agreed
690,edilen,ed+il+en,PASS/REFL+PTCP,adjudicated_new
691,finale,final+e,DAT,annotator_agreed
692,göre,göre,,annotator_agreed
693,Muhafazası,Muhafaza+sı,P3SG,annotator_agreed
694,MODELİ,MODELİ,,annotator_agreed
695,alınız,al+ınız,A2PL/IMP,adjudicated_new
696,yıldızlarından,yıldız+lar+ı+ndan,PL+P3SG+ABL,adjudicated_new
697,aktif,aktif,,annotator_agreed
698,yapmazsa,yap+maz+sa,NEG.AOR+COND,annotator_agreed
699,dallarına,dal+lar+ı+na,PL+P3SG+DAT,adjudicated_new
700,online,online,,annotator_agreed
701,dedem,dede+m,,annotator_agreed
702,biridir,biri+dir,COP,annotator_agreed
703,istenmemesi,iste+n+me+me+si,PASS/REFL+NEG+VN+P3SG,adjudicated_new
704,verdi,ver+di,PAST,adjudicated_new
705,müsait,müsait,,annotator_agreed
706,geldi,gel+di,PAST,annotator_agreed
707,Profilde,Profil+de,LOC,annotator_agreed
708,Baltık,Baltık,,annotator_agreed
709,Koordinatörü,Koordinatör+ü,,annotator_agreed
710,kaldırım,kaldırım,,annotator_agreed
711,yakalayacağını,yakala+yacağ+ı+nı,FUT.PTCP+P3SG+ACC,adjudicated_new
712,Köfte,Köfte,,annotator_agreed
713,ulaşın,ulaş+ın,,annotator_agreed
714,KREMİ,KREMİ,,annotator_agreed
715,sırasında,sıra+sı+nda,P3SG+LOC,adjudicated_new
716,Bakım,Bakım,,annotator_agreed
717,ediliyor,ed+il+iyor,PASS/REFL+PROG,adjudicated_new
718,yetkisi,yetki+si,P3SG,annotator_agreed
719,denilmektedir,denil+mekte+dir,PROG+COP,annotator_agreed
720,Ocak,Ocak,,annotator_agreed
721,zorluk,zor+luk,NMLZ,annotator_agreed
722,görünüme,görünüm+e,DAT,adjudicated_new
723,bilemedin,bil+e+me+din,ABIL+NEG+PAST.A2SG,adjudicated_new
724,aydır,ay+dır,COP,adjudicated_new
725,derslerin,ders+ler+in,,annotator_agreed
726,kurslardan,kurs+lar+dan,PL+ABL,annotator_agreed
727,gazeteci,gazete+ci,AGT,annotator_agreed
728,mağduriyet,mağduriyet,,annotator_agreed
729,üzerinde,üzer+i+nde,P3SG+LOC,adjudicated_new
730,adresinizi,adres+iniz+i,P2PL+ACC,adjudicated_new
731,Caddesinin,Cadde+si+nin,,annotator_agreed
732,kesinleşir,kesinleş+ir,AOR,annotator_agreed
733,gerekli,gerek+li,ADJ,annotator_agreed
734,Harekete,Hareket+e,DAT,annotator_agreed
735,mezun,mezun,,annotator_agreed
736,olmazıdır,olmaz+ı+dır,,annotator_agreed
737,Şehrin,Şehr+in,GEN/P2SG,adjudicated_new
738,dinleyebilmesi,dinle+yebil+me+si,ABIL+VN+P3SG,adjudicated_new
739,haberle,haber+le,INS,annotator_agreed
740,Uzmanı,Uzman+ı,,annotator_agreed
741,okuma,okuma,,annotator_agreed
742,almak,al+mak,INF,adjudicated_new
743,oldukları,ol+duk+lar+ı,,annotator_agreed
744,sözleşme,sözleşme,,annotator_agreed
745,bende,ben+de,LOC,annotator_agreed
746,Kariyeri,Kariyer+i,,annotator_agreed
747,kayıtlarında,kayıt+lar+ı+nda,PL+P3SG+LOC,adjudicated_new
748,sağladık,sağla+dık,PAST.A1PL/PTCP,adjudicated_new
749,gösterilerek,gösteril+erek,CV,annotator_agreed
750,Romantik,Romantik,,annotator_agreed
751,severiz,sev+er+iz,AOR+A1PL,adjudicated_new
752,KIRIŞIKLIKLARINI,KIRIŞIKLIK+LAR+I+NI,PL+P3SG+ACC,adjudicated_new
753,yolların,yol+lar+ın,,annotator_agreed
754,klişeleşmiş,klişeleş+miş,,annotator_agreed
755,sonuçları,sonuç+lar+ı,,annotator_agreed
756,kitap,kitap,,annotator_agreed
757,ülkemizde,ülke+miz+de,P1PL+LOC,annotator_agreed
758,görevini,görev+i+ni,,annotator_agreed
759,başkanları,başkan+lar+ı,,annotator_agreed
760,bunu,bu+nu,ACC,adjudicated_new
761,pembe,pembe,,annotator_agreed
762,yapması,yap+ma+sı,VN+P3SG,adjudicated_new
763,yumuşuyoruz,yumuş+uyor+uz,PROG+A1PL,adjudicated_new
764,kabulünde,kabul+ü+nde,P3SG+LOC,adjudicated_new
765,polisler,polis+ler,PL,annotator_agreed
766,Shamil,Shamil,,annotator_agreed
767,şartlarında,şart+lar+ın+da,,annotator_agreed
768,süredir,süre+dir,COP,adjudicated_new
769,edildiği,ed+il+diğ+i,PASS/REFL+PTCP+P3SG/ACC,adjudicated_new
770,parasını,para+sı+nı,P3SG+ACC,annotator_agreed
771,numaralarına,numara+lar+ı+na,PL+P3SG+DAT,adjudicated_new
772,Demokratik,Demokratik,,annotator_agreed
773,artışında,artış+ı+nda,P3SG+LOC,adjudicated_new
774,düzene,düzen+e,DAT,annotator_agreed
775,santralı,santral+ı,,annotator_agreed
776,gösterim,gösterim,,annotator_agreed
777,GERÇEĞİ,GERÇEĞİ,,annotator_agreed
778,geçişleri,geçiş+ler+i,,annotator_agreed
779,kısa,kısa,,annotator_agreed
780,bedduayla,beddua+yla,INS,adjudicated_new
781,bayan,bayan,,adjudicated_new
782,kurulabilirler,kurul+abil+ir+ler,ABIL+AOR+A3PL,annotator_agreed
783,kurulması,kur+ul+ma+sı,PASS/REFL+VN+P3SG,adjudicated_new
784,yaşama,yaşama,,annotator_agreed
785,inşallah,inşallah,,annotator_agreed
786,sonuca,sonuc+a,DAT,annotator_agreed
787,bütün,bütün,,annotator_agreed
788,İÇİLMELİ,İÇ+İL+MELİ,PASS/REFL+NEC,adjudicated_new
789,Ülkemizin,Ülke+miz+in,,annotator_agreed
790,hatlarından,hat+lar+ı+ndan,PL+P3SG+ABL,adjudicated_new
791,verdiğimiz,ver+diğ+imiz,PTCP+P1PL,adjudicated_new
792,üretimi,üretim+i,,annotator_agreed
793,Samsunumuzun,Samsun+umuz+un,,annotator_agreed
794,dağılan,dağıl+an,PTCP,annotator_agreed
795,Gıda,Gıda,,annotator_agreed
796,İran,İran,,annotator_agreed
797,nefret,nefret,,annotator_agreed
798,olacaktır,ol+acak+tır,,annotator_agreed
799,şüphesiz,şüphe+siz,,annotator_agreed
800,Denetleme,Denetleme,,annotator_agreed
801,çıkabilecek,çık+abil+ecek,,annotator_agreed
802,Karlshamn,Karlshamn,,annotator_agreed
803,olduğuna,ol+duğ+u+na,,annotator_agreed
804,Benim,Ben+im,,annotator_agreed
805,içeriyor,içer+iyor,PROG,annotator_agreed
806,sağlanması,sağla+n+ma+sı,PASS/REFL+VN+P3SG,adjudicated_new
807,katledilmiştir,katled+il+miş+tir,PASS/REFL+EVID/PTCP+COP,adjudicated_new
808,çatışma,çatışma,,annotator_agreed
809,birleşimiyle,birleşim+i+yle,,annotator_agreed
810,değil,değil,,annotator_agreed
811,uygulanacak,uygulan+acak,,annotator_agreed
812,yapılabilmesi,yapıl+abil+me+si,,annotator_agreed
813,duygu,duygu,,annotator_agreed
814,aydınlığa,aydınlığ+a,DAT,annotator_agreed
815,Üyesi,Üye+si,P3SG,annotator_agreed
816,proje,proje,,annotator_agreed
817,bazen,bazen,,adjudicated_new
818,Okulumuzun,Okul+umuz+un,,annotator_agreed
819,sorunlarının,sorun+lar+ı+nın,,annotator_agreed
820,lekelenmelerin,lekelenme+ler+in,,annotator_agreed
821,yılda,yıl+da,LOC,annotator_agreed
822,başlıyor,başlı+yor,PROG,annotator_agreed
823,köpeğine,köpeğ+i+ne,P3SG+DAT,adjudicated_new
824,tersi,ters+i,,annotator_agreed
825,napıcan,napıcan,,annotator_agreed
826,savaşı,savaş+ı,,annotator_agreed
827,Todas,Todas,,annotator_agreed
828,mahsulünü,mahsul+ü+nü,,annotator_agreed
829,dede,dede,,annotator_agreed
830,kırışıklıklar,kırışıklık+lar,PL,annotator_agreed
831,moral,moral,,annotator_agreed
832,şahsen,şahsen,,adjudicated_new
833,Ekibin,Ekib+in,,annotator_agreed
834,nesli,nesl+i,P3SG/ACC,adjudicated_new
835,marketer,marketer,,annotator_agreed
836,aralığında,aralığ+ı+nda,P3SG+LOC,adjudicated_new
837,kesinlikle,kesinlikle,,annotator_agreed
838,Görsel,Gör+sel,,annotator_agreed
839,Bazı,Bazı,,annotator_agreed
840,yerinin,yer+i+nin,,annotator_agreed
841,ANMA,ANMA,,annotator_agreed
842,camlarını,cam+lar+ı+nı,,annotator_agreed
843,silahın,silah+ın,,annotator_agreed
844,adaptasyonunu,adaptasyon+u+nu,,annotator_agreed
845,gelişimleri,gelişim+ler+i,,annotator_agreed
846,geceleri,gece+ler+i,PL+P3SG/ACC,adjudicated_new
847,sektör,sektör,,adjudicated_new
848,ulaştı,ulaş+tı,PAST,annotator_agreed
849,yönlendiricileri,yönlendirici+ler+i,,annotator_agreed
850,tamir,tamir,,adjudicated_new
851,yaparken,yap+ar+ken,AOR+CV,annotator_agreed
852,derslerimizin,ders+ler+imiz+in,,annotator_agreed
853,sürekli,sürek+li,ADJ,annotator_agreed
854,sınavını,sınav+ı+nı,,annotator_agreed
855,serumuna,serum+u+na,P3SG+DAT,adjudicated_new
856,uğrattı,uğrat+tı,PAST,annotator_agreed
857,göstergeler,gösterge+ler,PL,annotator_agreed
858,örneği,örneğ+i,,annotator_agreed
859,koyuyor,koy+uyor,PROG,adjudicated_new
860,ateşli,ateş+li,ADJ,annotator_agreed
861,sokulmuş,sokul+muş,,annotator_agreed
862,takipçisi,takipçi+si,P3SG,annotator_agreed
863,güneyinde,güney+i+nde,P3SG+LOC,adjudicated_new
864,Emir,Emir,,adjudicated_new
865,ailelere,aile+ler+e,PL+DAT,annotator_agreed
866,kademelerimizde,kademe+ler+imiz+de,PL+P1PL+LOC,annotator_agreed
867,Kardeşler,Kardeş+ler,PL,annotator_agreed
868,mutluluk,mutlu+luk,NMLZ,annotator_agreed
869,Mecliste,Meclis+te,LOC,annotator_agreed
870,dair,dair,,adjudicated_new
871,yorgun,yorgun,,annotator_agreed
872,hoşgörü,hoşgörü,,annotator_agreed
873,hacimle,hacim+le,INS,annotator_agreed
874,düşüş,düşüş,,annotator_agreed
875,güvenle,güven+le,INS,annotator_agreed
876,sizin,siz+in,,annotator_agreed
877,çıkmadan,çık+ma+dan,,annotator_agreed
878,yükü,yük+ü,,annotator_agreed
879,sağlayacağız,sağla+yacağ+ız,FUT+A1PL,adjudicated_new
880,Üreticilerimize,Üretici+ler+imiz+e,PL+P1PL+DAT,annotator_agreed
881,actualizados,actualizados,,annotator_agreed
882,seyircinin,seyir+ci+nin,AGT+GEN/P2SG,adjudicated_new
883,olacak,ol+acak,,annotator_agreed
884,Tekkeköy,Tekkeköy,,annotator_agreed
885,gerici,geri+ci,AGT,annotator_agreed
886,çubuk,çubuk,,annotator_agreed
887,yönde,yön+de,LOC,annotator_agreed
888,Şehrimizin,Şehr+imiz+in,,annotator_agreed
889,mersini,mersin+i,,annotator_agreed
890,dondurucuda,dondurucu+da,LOC,annotator_agreed
891,tahmin,tahmin,,annotator_agreed
892,CATCH,CATCH,,annotator_agreed
893,devamı,devam+ı,,annotator_agreed
894,Arthur,Arthur,,annotator_agreed
895,diri,diri,,annotator_agreed
896,noktalarında,nokta+lar+ı+nda,PL+P3SG+LOC,adjudicated_new
897,Yakakent,Yakakent,,annotator_agreed
898,sütun,sütun,,annotator_agreed
899,olup,ol+up,,annotator_agreed
900,pamuk,pamuk,,annotator_agreed
901,anlamda,anlam+da,LOC,annotator_agreed
902,tavsiye,tavsiye,,adjudicated_new
903,İslamic,İslamic,,annotator_agreed
904,bilincinde,bilinc+i+nde,P3SG+LOC,adjudicated_new
905,hediye,hediye,,adjudicated_new
906,işlemlerden,işlem+ler+den,PL+ABL,annotator_agreed
907,kararın,karar+ın,,annotator_agreed
908,uyarısında,uyarı+sı+nda,P3SG+LOC,adjudicated_new
909,Larroque,Larroque,,annotator_agreed
910,haklarına,hak+lar+ı+na,PL+P3SG+DAT,adjudicated_new
911,isteyen,iste+yen,PTCP,adjudicated_new
912,acınacak,acın+acak,,annotator_agreed
913,çalışmalar,çalış+ma+lar,VN+PL,adjudicated_new
914,dönemde,dönem+de,LOC,annotator_agreed
915,düşmanı,düşman+ı,,annotator_agreed
916,Büyükbaş,Büyükbaş,,annotator_agreed
917,insanlara,insan+lar+a,PL+DAT,annotator_agreed
918,tüketilmesi,tüket+il+me+si,PASS/REFL+VN+P3SG,adjudicated_new
919,çıkması,çık+ma+sı,VN+P3SG,adjudicated_new
920,ilgilendiren,ilgilen+dir+en,CAUS+PTCP,adjudicated_new
921,smacı,smac+ı,,annotator_agreed
922,Araştırmanın,Araştır+ma+nın,,annotator_agreed
923,ultrasondur,ultrason+dur,COP,annotator_agreed
924,Seçimleri,Seçim+ler+i,,annotator_agreed
925,herkese,herkes+e,DAT,annotator_agreed
926,PROGRAMIMIZI,PROGRAM+IMIZ+I,P1PL+ACC,adjudicated_new
927,kartı,kart+ı,,annotator_agreed
928,Terme,Terme,,annotator_agreed
929,Aldıkları,Al+dık+lar+ı,,annotator_agreed
930,King,King,,annotator_agreed
931,vergisine,vergi+si+ne,P3SG+DAT,adjudicated_new
932,Hakkında,Hakk+ı+nda,P3SG+LOC,adjudicated_new
933,cerrahi,cerrahi,,annotator_agreed
934,ödenmesiyle,öde+n+me+si+yle,PASS/REFL+VN+P3SG+INS,adjudicated_new
935,günden,gün+den,ABL,annotator_agreed
936,ödemesine,öde+me+si+ne,VN+P3SG+DAT,adjudicated_new
937,Valisi,Vali+si,P3SG,annotator_agreed
938,girmesini,gir+me+si+ni,,annotator_agreed
939,hedefler,hedef+ler,PL,annotator_agreed
940,smaç,smaç,,annotator_agreed
941,ödenen,öde+n+en,PASS/REFL+PTCP,adjudicated_new
942,hattı,hatt+ı,P3SG/ACC,adjudicated_new
943,çözüm,çözüm,,annotator_agreed
944,alanda,alan+da,LOC,annotator_agreed
945,teşkilatında,teşkilat+ı+nda,P3SG+LOC,adjudicated_new
946,Örneğin,Örneğin,,annotator_agreed
947,Kontrolden,Kontrol+den,ABL,annotator_agreed
948,kalkacaktır,kalk+acak+tır,,annotator_agreed
949,topladı,topla+dı,PAST,adjudicated_new
950,üyesidir,üye+si+dir,P3SG+COP,annotator_agreed
951,sizi,siz+i,,annotator_agreed
952,nüfusa,nüfus+a,DAT,annotator_agreed
953,izlettiriyor,izle+t+tir+iyor,CAUS+CAUS+PROG,adjudicated_new
954,başlattığı,başla+t+tığ+ı,CAUS+PTCP+P3SG/ACC,adjudicated_new
955,yorum,yorum,,annotator_agreed
956,etkileri,etki+ler+i,,annotator_agreed
957,şekerli,şeker+li,ADJ,annotator_agreed
958,otlar,ot+lar,PL,annotator_agreed
959,tarifleri,tarif+ler+i,,annotator_agreed
960,Listenin,Liste+nin,,annotator_agreed
961,Ingram,Ingram,,annotator_agreed
962,kuvvetlendirmek,kuvvet+len+dir+mek,UNK+CAUS+INF,adjudicated_new
963,süreçte,süreç+te,LOC,annotator_agreed
964,kalkıyor,kalk+ıyor,PROG,adjudicated_new
965,Finansal,Finans+al,ADJ,adjudicated_new
966,kapsamına,kapsam+ı+na,P3SG+DAT,adjudicated_new
967,Accountant,Accountant,,annotator_agreed
968,takvimi,takvim+i,,annotator_agreed
969,dikkat,dikkat,,annotator_agreed
970,sönük,sönük,,annotator_agreed
971,yetişmesi,yetiş+me+si,VN+P3SG,adjudicated_new
972,ölmedi,öl+me+di,NEG+PAST,adjudicated_new
973,Bölgesi,Bölge+si,P3SG,annotator_agreed
974,kalbine,kalb+i+ne,P3SG+DAT,adjudicated_new
975,başlar,başla+r,AOR,adjudicated_new
976,hücreler,hücre+ler,PL,annotator_agreed
977,kültürel,kültürel,,annotator_agreed
978,Onarım,Onarım,,annotator_agreed
979,Anahtar,Anahtar,,annotator_agreed
980,Kimi,Kimi,,annotator_agreed
981,Amerika,Amerika,,annotator_agreed
982,gençleştirmesinde,genç+leş+tir+me+si+nde,UNK+CAUS+VN+P3SG+LOC,adjudicated_new
983,vermeleri,ver+me+ler+i,VN+PL+P3SG/ACC,adjudicated_new
984,yazın,yazın,,adjudicated_new
985,Yemekleri,Yemek+ler+i,,annotator_agreed
986,başrollerini,başrol+ler+i+ni,,annotator_agreed
987,dolayında,dolay+ı+nda,P3SG+LOC,adjudicated_new
988,Kurs,Kurs,,annotator_agreed
989,gelişimlerinde,gelişim+ler+i+nde,PL+P3SG+LOC,adjudicated_new
990,sorunları,sorun+lar+ı,,annotator_agreed
991,expired,expired,,annotator_agreed
992,Alacağı,Al+acağ+ı,,annotator_agreed
993,dönüşerek,dönüş+erek,CV,annotator_agreed
994,geldiğince,gel+diğ+ince,PTCP+CV,adjudicated_new
995,bizden,biz+den,ABL,annotator_agreed
996,ordularına,ordu+lar+ı+na,PL+P3SG+DAT,adjudicated_new
997,şartlarına,şart+lar+ı+na,PL+P3SG+DAT,adjudicated_new
998,konu,konu,,annotator_agreed
999,planlanan,planla+n+an,PASS/REFL+PTCP,adjudicated_new
1000,fakat,fakat,,annotator_agreed
